articleID,reportedValue,obtainedValue,valueType,percentageError,comparisonOutcome,eyeballCheck
1-1-2015_PS,1,1,df,0,MATCH,NA
1-1-2015_PS,156,156,df,0,MATCH,NA
1-1-2015_PS,4.48,4.48,F,0,MATCH,NA
1-1-2015_PS,<.05,0.0358060472541324,p,NA,MATCH,TRUE
1-1-2015_PS,158.61,158.61,mean,0,MATCH,NA
1-1-2015_PS,155.52,155.52,mean,0,MATCH,NA
1-1-2015_PS,1,1,df,0,MATCH,NA
1-1-2015_PS,156,156,df,0,MATCH,NA
1-1-2015_PS,4.73,4.73,F,0,MATCH,NA
1-1-2015_PS,<.05,0.0311997782370215,p,NA,MATCH,TRUE
1-1-2015_PS,1648.37,1648.37,mean,0,MATCH,NA
1-1-2015_PS,1425.02,1425.02,mean,0,MATCH,NA
1-1-2015_PS,<1,2.21180173475592,F,NA,MAJOR_ERROR,FALSE
1-1-2015_PS,>.05,0.13897706909534,p,NA,MATCH,TRUE
1-1-2015_PS,59.34,59.34,mean,0,MATCH,NA
1-1-2015_PS,58.67,58.67,mean,0,MATCH,NA
1-1-2015_PS,1,1,df,0,MATCH,NA
1-1-2015_PS,156,156,df,0,MATCH,NA
1-1-2015_PS,4.66,4.66,F,0,MATCH,NA
1-1-2015_PS,<.05,0.0323646081085786,p,NA,MATCH,TRUE
1-1-2015_PS,196.73,196.73,mean,0,MATCH,NA
1-1-2015_PS,183.48,183.48,mean,0,MATCH,NA
1-1-2015_PS,<1,0.00191917382218505,F,NA,MATCH,TRUE
1-1-2015_PS,>.05,0.965113174681674,p,NA,MATCH,TRUE
1-1-2015_PS,1129.39,1129.38,mean,0.000885433729711694,MINOR_ERROR,NA
1-1-2015_PS,1128.81,1128.81,mean,0,MATCH,NA
1-1-2015_PS,<1,0.470511054159191,F,NA,MATCH,TRUE
1-1-2015_PS,>.05,0.49377031497622,p,NA,MATCH,TRUE
1-1-2015_PS,42170.78,42170.78,mean,0,MATCH,NA
1-1-2015_PS,43654.54,43654.54,mean,0,MATCH,NA
1-6-2014_PS,-0.006,-0.006,mean,0,MATCH,NA
1-6-2014_PS,0.05,0.01,mean,80,MAJOR_ERROR,NA
1-6-2014_PS,1,1,sd,0,MATCH,NA
1-6-2014_PS,1.01,1.01,sd,0,MATCH,NA
1-6-2014_PS,-0.178,-0.178,mean,0,MATCH,NA
1-6-2014_PS,0.162,0.162,mean,0,MATCH,NA
1-6-2014_PS,0.9,0.9,sd,0,MATCH,NA
1-6-2014_PS,1.07,1.07,sd,0,MATCH,NA
1-6-2014_PS,1,1,df,0,MATCH,NA
1-6-2014_PS,4.01,4.01,df,0,MATCH,NA
1-6-2014_PS,0.046,0.046,F,0,MATCH,NA
1-6-2014_PS,0.841,0.841,p,0,MATCH,NA
1-6-2014_PS,1,1,df,0,MATCH,NA
1-6-2014_PS,4.09,4.09,df,0,MATCH,NA
1-6-2014_PS,8.05,8.05,F,0,MATCH,NA
1-6-2014_PS,0.046,0.046,p,0,MATCH,NA
1-6-2014_PS,0.66,0.66,other,0,MATCH,NA
1-6-2014_PS,4,4,df,0,MATCH,NA
1-6-2014_PS,4,4,df,0,MATCH,NA
1-6-2014_PS,7.11,7.11,F,0,MATCH,NA
1-6-2014_PS,0.042,0.042,p,0,MATCH,NA
1-6-2014_PS,0.88,0.88,other,0,MATCH,NA
1-6-2014_PS,4,4,df,0,MATCH,NA
1-6-2014_PS,55,55,df,0,MATCH,NA
1-6-2014_PS,0.259,0.259,F,0,MATCH,NA
1-6-2014_PS,0.9,0.9,p,0,MATCH,NA
10-7-2014_PS,0.851,0.852,mean,0.117508813160987,MINOR_ERROR,NA
10-7-2014_PS,0.528,0.528,sd,0,MATCH,NA
10-7-2014_PS,0.654,0.654,mean,0,MATCH,NA
10-7-2014_PS,0.488,0.489,sd,0.204918032786885,MINOR_ERROR,NA
10-7-2014_PS,0.703,0.704,mean,0.142247510668563,MINOR_ERROR,NA
10-7-2014_PS,0.594,0.594,sd,0,MATCH,NA
10-7-2014_PS,0.773,0.774,mean,0.129366106080207,MINOR_ERROR,NA
10-7-2014_PS,0.583,0.583,sd,0,MATCH,NA
10-7-2014_PS,1,1,df,0,MATCH,NA
10-7-2014_PS,282,282,df,0,MATCH,NA
10-7-2014_PS,4.22,4.22,F,0,MATCH,NA
10-7-2014_PS,0.041,0.041,p,0,MATCH,NA
10-7-2014_PS,0.014,0.015,pes,7.14285714285714,MINOR_ERROR,NA
10-7-2014_PS,0.387,0.387,d,0,MATCH,NA
10-7-2014_PS,0.027,0.027,p,0,MATCH,NA
10-7-2014_PS,<1.0,0.468758471254511,F,NA,MATCH,TRUE
11-11-2014_PS,6.07,6.07,mean,0,MATCH,NA
11-11-2014_PS,1.99,2,sd,0.502512562814071,MINOR_ERROR,NA
11-11-2014_PS,1.67,1.67,mean,0,MATCH,NA
11-11-2014_PS,0.92,0.92,sd,0,MATCH,NA
11-11-2014_PS,52,52,df,0,MATCH,NA
11-11-2014_PS,10.41,10.41,t,0,MATCH,NA
11-11-2014_PS,<.001,2.55398356726143e-14,p,NA,MATCH,TRUE
11-11-2014_PS,6,6,mean,0,MATCH,NA
11-11-2014_PS,1.96,1.96,sd,0,MATCH,NA
11-11-2014_PS,1.74,1.74,mean,0,MATCH,NA
11-11-2014_PS,1.19,1.2,sd,0.840336134453782,MINOR_ERROR,NA
11-11-2014_PS,52,52,df,0,MATCH,NA
11-11-2014_PS,9.63,9.63,t,0,MATCH,NA
11-11-2014_PS,0.001,0,p,100,MAJOR_ERROR,NA
11-11-2014_PS,3.05,3.05,mean,0,MATCH,NA
11-11-2014_PS,0.82,0.82,sd,0,MATCH,NA
11-11-2014_PS,2.8,2.8,mean,0,MATCH,NA
11-11-2014_PS,0.83,0.83,sd,0,MATCH,NA
11-11-2014_PS,52,52,df,0,MATCH,NA
11-11-2014_PS,1.09,1.09,t,0,MATCH,NA
11-11-2014_PS,0.283,0.283,p,0,MATCH,NA
11-11-2014_PS,1.34,1.34,mean,0,MATCH,NA
11-11-2014_PS,0.45,0.45,sd,0,MATCH,NA
11-11-2014_PS,1.27,1.27,mean,0,MATCH,NA
11-11-2014_PS,0.37,0.37,sd,0,MATCH,NA
11-11-2014_PS,52,52,df,0,MATCH,NA
11-11-2014_PS,0.6,0.6,t,0,MATCH,NA
11-11-2014_PS,0.554,0.554,p,0,MATCH,NA
11-11-2014_PS,1.36,1.36,mean,0,MATCH,NA
11-11-2014_PS,0.58,0.58,sd,0,MATCH,NA
11-11-2014_PS,1.11,1.11,mean,0,MATCH,NA
11-11-2014_PS,0.3,0.3,sd,0,MATCH,NA
11-11-2014_PS,52,52,df,0,MATCH,NA
11-11-2014_PS,1.97,1.97,t,0,MATCH,NA
11-11-2014_PS,0.054,0.054,p,0,MATCH,NA
11-11-2014_PS,2.67,2.67,mean,0,MATCH,NA
11-11-2014_PS,0.87,0.87,sd,0,MATCH,NA
11-11-2014_PS,2.37,2.38,mean,0.421940928270033,MINOR_ERROR,NA
11-11-2014_PS,0.91,0.91,sd,0,MATCH,NA
11-11-2014_PS,52,52,df,0,MATCH,NA
11-11-2014_PS,1.22,1.22,t,0,MATCH,NA
11-11-2014_PS,0.227,0.227,p,0,MATCH,NA
11-11-2014_PS,1,1,df,0,MATCH,NA
11-11-2014_PS,52,52,df,0,MATCH,NA
11-11-2014_PS,0.048,0.048,p,0,MATCH,NA
11-11-2014_PS,0.54,0.55,d,1.85185185185185,MINOR_ERROR,NA
11-11-2014_PS,3.71,3.71,mean,0,MATCH,NA
11-11-2014_PS,1.01,1.01,sd,0,MATCH,NA
11-11-2014_PS,3.33,3.32,ci,0.300300300300307,MINOR_ERROR,NA
11-11-2014_PS,4.09,4.11,ci,0.488997555012236,MINOR_ERROR,NA
11-11-2014_PS,3.14,3.14,mean,0,MATCH,NA
11-11-2014_PS,1.09,1.09,sd,0,MATCH,NA
11-11-2014_PS,2.73,2.71,ci,0.732600732600733,MINOR_ERROR,NA
11-11-2014_PS,3.55,3.57,ci,0.563380281690141,MINOR_ERROR,NA
11-12-2014 PS,10,10,n,0,MATCH,NA
11-12-2014 PS,61,61,n,0,MATCH,NA
11-12-2014 PS,16,16,n,0,MATCH,NA
11-12-2014 PS,26,26,n,0,MATCH,NA
11-12-2014 PS,71,71,n,0,MATCH,NA
11-12-2014 PS,37,37,n,0,MATCH,NA
11-12-2014 PS,1,1,df,0,MATCH,NA
11-12-2014 PS,132,132,n,0,MATCH,NA
11-12-2014 PS,6.77,6.77,x2,0,MATCH,NA
11-12-2014 PS,0.009,0.009,p,0,MATCH,NA
16-11-2014_PS,32,32,n,0,MATCH,NA
16-11-2014_PS,118,118,n,0,MATCH,NA
16-11-2014_PS,90,90,n,0,MATCH,NA
16-11-2014_PS,72,72,n,0,MATCH,NA
16-11-2014_PS,168,168,n,0,MATCH,NA
16-11-2014_PS,65.6,65.6,n,0,MATCH,NA
16-11-2014_PS,56,55.9,n,0.178571428571431,MINOR_ERROR,NA
16-11-2014_PS,55.6,55.6,n,0,MATCH,NA
16-11-2014_PS,25,25,n,0,MATCH,NA
16-11-2014_PS,39.8,39.8,n,0,MATCH,NA
16-11-2014_PS,32.2,32.2,n,0,MATCH,NA
16-11-2014_PS,53.1,53.1,n,0,MATCH,NA
16-11-2014_PS,48.3,48.3,n,0,MATCH,NA
16-11-2014_PS,37.8,37.8,n,0,MATCH,NA
16-11-2014_PS,37.5,37.5,n,0,MATCH,NA
16-11-2014_PS,41.5,41.5,n,0,MATCH,NA
16-11-2014_PS,42.2,42.2,n,0,MATCH,NA
16-11-2014_PS,62.5,62.5,n,0,MATCH,NA
16-11-2014_PS,54.8,54.8,n,0,MATCH,NA
16-11-2014_PS,30.6,30.6,n,0,MATCH,NA
16-11-2014_PS,36.9,36.9,n,0,MATCH,NA
16-11-2014_PS,50,50,n,0,MATCH,NA
16-11-2014_PS,42.9,42.9,n,0,MATCH,NA
16-11-2014_PS,40.3,40.3,n,0,MATCH,NA
16-11-2014_PS,41.7,41.7,n,0,MATCH,NA
16-11-2014_PS,100,100,n,0,MATCH,NA
16-11-2014_PS,85.7,85.7,n,0,MATCH,NA
16-11-2014_PS,72.3,72.3,n,0,MATCH,NA
16-11-2014_PS,68.2,68.2,n,0,MATCH,NA
16-11-2014_PS,65.5,65.5,n,0,MATCH,NA
16-11-2014_PS,78,78,n,0,MATCH,NA
16-11-2014_PS,77.3,77.3,n,0,MATCH,NA
16-11-2014_PS,75.6,75.6,n,0,MATCH,NA
16-11-2014_PS,71,71,n,0,MATCH,NA
16-11-2014_PS,73.9,73.9,n,0,MATCH,NA
16-2-2015_PS,0.34,0.34,mean,0,MATCH,NA
16-2-2015_PS,0.43,0.43,sd,0,MATCH,NA
16-2-2015_PS,0.3,0.3,mean,0,MATCH,NA
16-2-2015_PS,1.09,1.09,sd,0,MATCH,NA
16-2-2015_PS,7.18,7.18,mean,0,MATCH,NA
16-2-2015_PS,2.07,2.07,sd,0,MATCH,NA
16-2-2015_PS,6.69,6.69,mean,0,MATCH,NA
16-2-2015_PS,2.06,2.06,sd,0,MATCH,NA
16-2-2015_PS,0.03,0.03,mean,0,MATCH,NA
16-2-2015_PS,0.03,0.03,sd,0,MATCH,NA
16-2-2015_PS,0.03,0.05,r,66.6666666666667,MAJOR_ERROR,NA
16-2-2015_PS,-0.05,-0.04,ci,20,MAJOR_ERROR,NA
16-2-2015_PS,0.12,0.13,ci,8.33333333333334,MINOR_ERROR,NA
16-2-2015_PS,-0.01,0,r,100,MAJOR_ERROR,NA
16-2-2015_PS,-0.09,-0.09,ci,0,MATCH,NA
16-2-2015_PS,0.08,0.08,ci,0,MATCH,NA
16-2-2015_PS,-0.01,-0.01,r,0,MATCH,NA
16-2-2015_PS,-0.1,-0.1,ci,0,MATCH,NA
16-2-2015_PS,0.07,0.07,ci,0,MATCH,NA
16-2-2015_PS,-0.03,-0.02,r,33.3333333333333,MAJOR_ERROR,NA
16-2-2015_PS,-0.11,-0.1,ci,9.09090909090909,MINOR_ERROR,NA
16-2-2015_PS,0.06,0.07,ci,16.6666666666667,MAJOR_ERROR,NA
16-2-2015_PS,0,0.03,r,Inf,MAJOR_ERROR,NA
16-2-2015_PS,-0.09,-0.05,ci,44.4444444444444,MAJOR_ERROR,NA
16-2-2015_PS,0.08,0.12,ci,50,MAJOR_ERROR,NA
16-2-2015_PS,0.17,0.17,r,0,MATCH,NA
16-2-2015_PS,0.08,0.09,ci,12.5,MAJOR_ERROR,NA
16-2-2015_PS,0.25,0.25,ci,0,MATCH,NA
16-2-2015_PS,-0.06,-0.06,r,0,MATCH,NA
16-2-2015_PS,-0.15,-0.14,ci,6.66666666666665,MINOR_ERROR,NA
16-2-2015_PS,0.02,0.03,ci,50,MAJOR_ERROR,NA
16-2-2015_PS,0.08,0.1,r,25,MAJOR_ERROR,NA
16-2-2015_PS,-0.01,0.01,ci,200,MAJOR_ERROR,NA
16-2-2015_PS,0.17,0.18,ci,5.88235294117646,MINOR_ERROR,NA
16-2-2015_PS,0.66,0.63,r,4.54545454545455,MINOR_ERROR,NA
16-2-2015_PS,0.61,0.57,ci,6.55737704918033,MINOR_ERROR,NA
16-2-2015_PS,0.71,0.68,ci,4.22535211267604,MINOR_ERROR,NA
16-2-2015_PS,-0.33,-0.33,r,0,MATCH,NA
16-2-2015_PS,-0.41,-0.41,ci,0,MATCH,NA
16-2-2015_PS,-0.25,-0.25,ci,0,MATCH,NA
16-2-2015_PS,0.25,0.26,r,4,MINOR_ERROR,NA
16-2-2015_PS,0.17,0.18,ci,5.88235294117646,MINOR_ERROR,NA
16-2-2015_PS,0.33,0.33,ci,0,MATCH,NA
16-2-2015_PS,0.81,0.8,r,1.23456790123457,MINOR_ERROR,NA
16-2-2015_PS,0.77,0.77,ci,0,MATCH,NA
16-2-2015_PS,0.84,0.83,ci,1.19047619047619,MINOR_ERROR,NA
16-2-2015_PS,0.65,0.65,r,0,MATCH,NA
16-2-2015_PS,0.59,0.59,ci,0,MATCH,NA
16-2-2015_PS,0.7,0.69,ci,1.42857142857143,MINOR_ERROR,NA
16-2-2015_PS,-0.37,-0.35,r,5.40540540540541,MINOR_ERROR,NA
16-2-2015_PS,-0.44,-0.42,ci,4.54545454545455,MINOR_ERROR,NA
16-2-2015_PS,-0.29,-0.27,ci,6.89655172413792,MINOR_ERROR,NA
16-2-2015_PS,0.32,0.34,r,6.25000000000001,MINOR_ERROR,NA
16-2-2015_PS,0.24,0.26,ci,8.33333333333334,MINOR_ERROR,NA
16-2-2015_PS,0.39,0.41,ci,5.12820512820512,MINOR_ERROR,NA
16-9-2014_PS,31656,31572,n,0.265352539802881,MINOR_ERROR,NA
16-9-2014_PS,1469,1463,n,0.408441116405718,MINOR_ERROR,NA
16-9-2014_PS,3676,3661,n,0.408052230685528,MINOR_ERROR,NA
16-9-2014_PS,4411,4402,n,0.204035366130129,MINOR_ERROR,NA
16-9-2014_PS,3307,3198,n,3.29603870577563,MINOR_ERROR,NA
16-9-2014_PS,0.15,0.15,mean,0,MATCH,NA
16-9-2014_PS,0.06,0.06,mean,0,MATCH,NA
16-9-2014_PS,-0.03,-0.03,mean,0,MATCH,NA
16-9-2014_PS,0.04,0.04,mean,0,MATCH,NA
16-9-2014_PS,0.08,0.08,mean,0,MATCH,NA
16-9-2014_PS,0.36,0.36,sd,0,MATCH,NA
16-9-2014_PS,0.34,0.34,sd,0,MATCH,NA
16-9-2014_PS,0.34,0.34,sd,0,MATCH,NA
16-9-2014_PS,0.34,0.34,sd,0,MATCH,NA
16-9-2014_PS,0.35,0.35,sd,0,MATCH,NA
16-9-2014_PS,31684,31600,n,0.265118040651433,MINOR_ERROR,NA
16-9-2014_PS,1474,1468,n,0.407055630936228,MINOR_ERROR,NA
16-9-2014_PS,3680,3665,n,0.407608695652174,MINOR_ERROR,NA
16-9-2014_PS,4414,4405,n,0.203896692342546,MINOR_ERROR,NA
16-9-2014_PS,3311,3200,n,3.35246149199638,MINOR_ERROR,NA
16-9-2014_PS,-0.01,-0.01,mean,0,MATCH,NA
16-9-2014_PS,0.26,0.26,mean,0,MATCH,NA
16-9-2014_PS,-0.08,-0.08,mean,0,MATCH,NA
16-9-2014_PS,-0.04,-0.04,mean,0,MATCH,NA
16-9-2014_PS,0.04,0.04,mean,0,MATCH,NA
16-9-2014_PS,0.3,0.3,sd,0,MATCH,NA
16-9-2014_PS,0.32,0.32,sd,0,MATCH,NA
16-9-2014_PS,0.31,0.31,sd,0,MATCH,NA
16-9-2014_PS,0.31,0.31,sd,0,MATCH,NA
16-9-2014_PS,0.32,0.32,sd,0,MATCH,NA
16-9-2014_PS,31674,31590,n,0.26520174275431,MINOR_ERROR,NA
16-9-2014_PS,1472,1466,n,0.407608695652174,MINOR_ERROR,NA
16-9-2014_PS,3677,3662,n,0.40794125645907,MINOR_ERROR,NA
16-9-2014_PS,4413,4404,n,0.203942895989123,MINOR_ERROR,NA
16-9-2014_PS,3317,3206,n,3.3463973470003,MINOR_ERROR,NA
16-9-2014_PS,-0.05,-0.05,mean,0,MATCH,NA
16-9-2014_PS,-0.15,-0.15,mean,0,MATCH,NA
16-9-2014_PS,0.22,0.22,mean,0,MATCH,NA
16-9-2014_PS,-0.1,-0.1,mean,0,MATCH,NA
16-9-2014_PS,-0.03,-0.03,mean,0,MATCH,NA
16-9-2014_PS,0.33,0.33,sd,0,MATCH,NA
16-9-2014_PS,0.32,0.33,sd,3.125,MINOR_ERROR,NA
16-9-2014_PS,0.34,0.34,sd,0,MATCH,NA
16-9-2014_PS,0.34,0.34,sd,0,MATCH,NA
16-9-2014_PS,0.35,0.35,sd,0,MATCH,NA
16-9-2014_PS,31664,31580,n,0.265285497726124,MINOR_ERROR,NA
16-9-2014_PS,1472,1466,n,0.407608695652174,MINOR_ERROR,NA
16-9-2014_PS,3676,3661,n,0.408052230685528,MINOR_ERROR,NA
16-9-2014_PS,4411,4412,n,0.022670596236681,MINOR_ERROR,NA
16-9-2014_PS,3307,3198,n,3.29603870577563,MINOR_ERROR,NA
16-9-2014_PS,-0.09,-0.09,mean,0,MATCH,NA
16-9-2014_PS,-0.16,-0.16,mean,0,MATCH,NA
16-9-2014_PS,-0.11,-0.11,mean,0,MATCH,NA
16-9-2014_PS,0.1,0.1,mean,0,MATCH,NA
16-9-2014_PS,-0.08,-0.08,mean,0,MATCH,NA
16-9-2014_PS,0.29,0.29,sd,0,MATCH,NA
16-9-2014_PS,0.29,0.29,sd,0,MATCH,NA
16-9-2014_PS,0.3,0.3,sd,0,MATCH,NA
16-9-2014_PS,0.32,0.32,sd,0,MATCH,NA
16-9-2014_PS,0.3,0.3,sd,0,MATCH,NA
16-9-2014_PS,55.84,55.84,t,0,MATCH,NA
16-9-2014_PS,11.02,11.02,t,0,MATCH,NA
16-9-2014_PS,16.21,16.21,t,0,MATCH,NA
16-9-2014_PS,0.31,0.31,d,0,MATCH,NA
16-9-2014_PS,0.06,0.06,d,0,MATCH,NA
16-9-2014_PS,0.09,0.09,d,0,MATCH,NA
16-9-2014_PS,14.91,14.91,t,0,MATCH,NA
16-9-2014_PS,13.87,13.87,t,0,MATCH,NA
16-9-2014_PS,0.86,0.85,t,1.16279069767442,MINOR_ERROR,NA
16-9-2014_PS,0.39,0.39,d,0,MATCH,NA
16-9-2014_PS,0.36,0.36,d,0,MATCH,NA
16-9-2014_PS,0.02,0.02,d,0,MATCH,NA
16-9-2014_PS,27.2,27.19,t,0.0367647058823456,MINOR_ERROR,NA
16-9-2014_PS,4.82,4.82,t,0,MATCH,NA
16-9-2014_PS,4.06,4.06,t,0,MATCH,NA
16-9-2014_PS,0.45,0.45,d,0,MATCH,NA
16-9-2014_PS,0.08,0.08,d,0,MATCH,NA
16-9-2014_PS,0.07,0.07,d,0,MATCH,NA
16-9-2014_PS,6.6,6.6,t,0,MATCH,NA
16-9-2014_PS,11.1,11.1,t,0,MATCH,NA
16-9-2014_PS,6.87,6.87,t,0,MATCH,NA
16-9-2014_PS,0.1,0.1,d,0,MATCH,NA
16-9-2014_PS,0.17,0.17,d,0,MATCH,NA
16-9-2014_PS,0.1,0.1,d,0,MATCH,NA
16-9-2014_PS,4.24,4.24,t,0,MATCH,NA
16-9-2014_PS,7.43,7.43,t,0,MATCH,NA
16-9-2014_PS,5.59,5.59,t,0,MATCH,NA
16-9-2014_PS,0.08,0.0739600733259669,d,7.54990834254144,MINOR_ERROR,NA
16-9-2014_PS,0.13,0.13,d,0,MATCH,NA
16-9-2014_PS,0.1,0.1,d,0,MATCH,NA
2-10-2014_PS,3.99,3.99,mean,0,MATCH,NA
2-10-2014_PS,1.32,1.32,sd,0,MATCH,NA
2-10-2014_PS,3.74,3.74,ci,0,MATCH,NA
2-10-2014_PS,4.24,4.24,ci,0,MATCH,NA
2-10-2014_PS,4.34,4.34,mean,0,MATCH,NA
2-10-2014_PS,1.32,1.25,sd,5.30303030303031,MINOR_ERROR,NA
2-10-2014_PS,4.1,4.1,ci,0,MATCH,NA
2-10-2014_PS,4.58,4.58,ci,0,MATCH,NA
2-10-2014_PS,0.35,0.35,mean,0,MATCH,NA
2-10-2014_PS,0.11,0.11,ci,0,MATCH,NA
2-10-2014_PS,0.59,0.59,ci,0,MATCH,NA
2-10-2014_PS,3.54,3.54,mean,0,MATCH,NA
2-10-2014_PS,1.01,1.01,sd,0,MATCH,NA
2-10-2014_PS,3.34,3.34,ci,0,MATCH,NA
2-10-2014_PS,3.73,3.73,ci,0,MATCH,NA
2-10-2014_PS,3.82,3.82,mean,0,MATCH,NA
2-10-2014_PS,0.89,0.89,sd,0,MATCH,NA
2-10-2014_PS,3.65,3.65,ci,0,MATCH,NA
2-10-2014_PS,4,3.99,ci,0.249999999999995,MINOR_ERROR,NA
2-10-2014_PS,0.29,0.29,mean,0,MATCH,NA
2-10-2014_PS,0.1,0.1,ci,0,MATCH,NA
2-10-2014_PS,0.47,0.47,ci,0,MATCH,NA
2-10-2014_PS,2.84,2.84,mean,0,MATCH,NA
2-10-2014_PS,2.64,2.64,ci,0,MATCH,NA
2-10-2014_PS,3.05,3.05,ci,0,MATCH,NA
2-10-2014_PS,3.25,3.25,mean,0,MATCH,NA
2-10-2014_PS,3.06,3.06,ci,0,MATCH,NA
2-10-2014_PS,3.44,3.44,ci,0,MATCH,NA
2-10-2014_PS,0.4,0.4,mean,0,MATCH,NA
2-10-2014_PS,0.19,0.19,ci,0,MATCH,NA
2-10-2014_PS,0.62,0.62,ci,0,MATCH,NA
2-10-2014_PS,3.81,3.81,mean,0,MATCH,NA
2-10-2014_PS,3.6,3.61,ci,0.277777777777772,MINOR_ERROR,NA
2-10-2014_PS,4.03,4.02,ci,0.248138957816394,MINOR_ERROR,NA
2-10-2014_PS,4.04,4.04,mean,0,MATCH,NA
2-10-2014_PS,3.84,3.85,ci,0.260416666666673,MINOR_ERROR,NA
2-10-2014_PS,4.23,4.23,ci,0,MATCH,NA
2-10-2014_PS,0.22,0.22,mean,0,MATCH,NA
2-10-2014_PS,0.03,0.03,ci,0,MATCH,NA
2-10-2014_PS,0.42,0.41,ci,2.38095238095238,MINOR_ERROR,NA
2-10-2014_PS,3.95,3.95,mean,0,MATCH,NA
2-10-2014_PS,3.73,3.73,ci,0,MATCH,NA
2-10-2014_PS,4.18,4.17,ci,0.23923444976076,MINOR_ERROR,NA
2-10-2014_PS,4.19,4.19,mean,0,MATCH,NA
2-10-2014_PS,4,4,ci,0,MATCH,NA
2-10-2014_PS,4.38,4.38,ci,0,MATCH,NA
2-10-2014_PS,0.23,0.23,mean,0,MATCH,NA
2-10-2014_PS,0.02,0.02,ci,0,MATCH,NA
2-10-2014_PS,0.45,0.45,ci,0,MATCH,NA
2-10-2014_PS,105,105,df,0,MATCH,NA
2-10-2014_PS,2.88,2.88,t,0,MATCH,NA
2-10-2014_PS,0.005,0.005,p,0,MATCH,NA
2-10-2014_PS,0.27,0.27,d,0,MATCH,NA
2-10-2014_PS,105,105,df,0,MATCH,NA
2-10-2014_PS,3.1,3.1,t,0,MATCH,NA
2-10-2014_PS,0.003,0.003,p,0,MATCH,NA
2-10-2014_PS,0.29,0.3,d,3.44827586206897,MINOR_ERROR,NA
2-10-2014_PS,<.001,0.000370190555009541,p,NA,MATCH,TRUE
2-10-2014_PS,<.001,0.000370190555009541,p,NA,MATCH,TRUE
2-10-2014_PS,0.02,0.02,p,0,MATCH,NA
2-10-2014_PS,0.03,0.03,p,0,MATCH,NA
2-2-2015_PS,67,67,mean,0,MATCH,NA
2-2-2015_PS,60,60,mean,0,MATCH,NA
2-2-2015_PS,56,56,mean,0,MATCH,NA
2-2-2015_PS,85,85,mean,0,MATCH,NA
2-2-2015_PS,69.5,69.5,mean,0,MATCH,NA
2-2-2015_PS,68.54,68.55,mean,0.0145900204260153,MINOR_ERROR,NA
2-2-2015_PS,9,9,df,0,MATCH,NA
2-2-2015_PS,-0.46,-0.46,t,0,MATCH,NA
2-2-2015_PS,0.33,0.33,p,0,MATCH,NA
2-2-2015_PS,81.22,81.22,mean,0,MATCH,NA
2-2-2015_PS,61.35,61.35,mean,0,MATCH,NA
2-2-2015_PS,8,8,df,0,MATCH,NA
2-2-2015_PS,-2.5,-2.5,t,0,MATCH,NA
2-2-2015_PS,0.02,0.02,p,0,MATCH,NA
3-10-2014_PS,figure,0.684,mean,NA,MATCH,TRUE
3-10-2014_PS,figure,0.051,se,NA,MATCH,TRUE
3-10-2014_PS,figure,0.648,mean,NA,MATCH,TRUE
3-10-2014_PS,figure,0.068,se,NA,MATCH,TRUE
3-10-2014_PS,figure,0.564,mean,NA,MATCH,TRUE
3-10-2014_PS,figure,0.07,se,NA,MATCH,TRUE
3-10-2014_PS,figure,0.41,mean,NA,MATCH,TRUE
3-10-2014_PS,figure,0.056,se,NA,MATCH,TRUE
3-10-2014_PS,figure,0.696,mean,NA,MATCH,TRUE
3-10-2014_PS,figure,0.045,se,NA,MATCH,TRUE
3-10-2014_PS,figure,0.737,mean,NA,MATCH,TRUE
3-10-2014_PS,figure,0.063,se,NA,MATCH,TRUE
3-10-2014_PS,figure,0.727,mean,NA,MATCH,TRUE
3-10-2014_PS,figure,0.072,se,NA,MATCH,TRUE
3-10-2014_PS,figure,0.686,mean,NA,MATCH,TRUE
3-10-2014_PS,figure,0.086,se,NA,MATCH,TRUE
3-10-2014_PS,figure,0.947,mean,NA,MATCH,TRUE
3-10-2014_PS,figure,0.016,se,NA,MATCH,TRUE
3-10-2014_PS,figure,0.958,mean,NA,MATCH,TRUE
3-10-2014_PS,figure,0.014,se,NA,MATCH,TRUE
3-10-2014_PS,figure,0.976,mean,NA,MATCH,TRUE
3-10-2014_PS,figure,0.007,se,NA,MATCH,TRUE
3-10-2014_PS,figure,0.972,mean,NA,MATCH,TRUE
3-10-2014_PS,figure,0.013,se,NA,MATCH,TRUE
3-10-2014_PS,figure,0.67,mean,NA,MATCH,TRUE
3-10-2014_PS,figure,0.06,se,NA,MATCH,TRUE
3-10-2014_PS,figure,0.552,mean,NA,MATCH,TRUE
3-10-2014_PS,figure,0.077,se,NA,MATCH,TRUE
3-10-2014_PS,figure,0.476,mean,NA,MATCH,TRUE
3-10-2014_PS,figure,0.088,se,NA,MATCH,TRUE
3-10-2014_PS,figure,0.684,mean,NA,MATCH,TRUE
3-10-2014_PS,figure,0.051,se,NA,MATCH,TRUE
3-10-2014_PS,figure,0.422,mean,NA,MATCH,TRUE
3-10-2014_PS,figure,0.076,se,NA,MATCH,TRUE
3-10-2014_PS,figure,0.634,mean,NA,MATCH,TRUE
3-10-2014_PS,figure,0.066,se,NA,MATCH,TRUE
3-10-2014_PS,figure,0.36,mean,NA,MATCH,TRUE
3-10-2014_PS,figure,0.076,se,NA,MATCH,TRUE
3-10-2014_PS,figure,0.354,mean,NA,MATCH,TRUE
3-10-2014_PS,figure,0.076,se,NA,MATCH,TRUE
3-10-2014_PS,figure,0.416,mean,NA,MATCH,TRUE
3-10-2014_PS,figure,0.069,se,NA,MATCH,TRUE
3-10-2014_PS,figure,0.792,mean,NA,MATCH,TRUE
3-10-2014_PS,figure,0.055,se,NA,MATCH,TRUE
3-10-2014_PS,figure,0.598,mean,NA,MATCH,TRUE
3-10-2014_PS,figure,0.076,se,NA,MATCH,TRUE
3-10-2014_PS,figure,0.856,mean,NA,MATCH,TRUE
3-10-2014_PS,figure,0.025,se,NA,MATCH,TRUE
3-10-2014_PS,figure,0.948,mean,NA,MATCH,TRUE
3-10-2014_PS,figure,0.013,se,NA,MATCH,TRUE
3-10-2014_PS,6,6,df,0,MATCH,NA
3-10-2014_PS,342,342,df,0,MATCH,NA
3-10-2014_PS,3.35,3.15,F,5.97014925373135,MINOR_ERROR,NA
3-10-2014_PS,p < .01,0.0051,p,NA,MATCH,TRUE
3-10-2014_PS,0.05,0.06,pes,20,MAJOR_ERROR,NA
3-10-2014_PS,about 70,68,mean,NA,MATCH,TRUE
3-10-2014_PS,about 70,67,mean,NA,MATCH,TRUE
3-10-2014_PS,approximately 40,41,mean,NA,MATCH,TRUE
3-10-2014_PS,approximately 40,42,mean,NA,MATCH,TRUE
3-10-2014_PS,p < .01,0.00082044637259604,p,NA,MATCH,TRUE
3-10-2014_PS,p < .01,0.0145224615857963,p,NA,EYEBALL_ERROR,FALSE
3-10-2014_PS,about 70,70,mean,NA,MATCH,TRUE
3-10-2014_PS,about 70,63,mean,NA,MATCH,TRUE
3-10-2014_PS,about 70,69,mean,NA,MATCH,TRUE
3-10-2014_PS,approximately 40,42,mean,NA,MATCH,TRUE
3-10-2014_PS,p < .01,0.000456401719678645,p,NA,MATCH,TRUE
3-10-2014_PS,<.01,0.000952374734358941,p,NA,MATCH,TRUE
3-10-2014_PS,0.09,0.02,p,77.7777777777778,DECISION_ERROR,NA
3-10-2014_PS,p < .01,3.67367216094205e-05,p,NA,MATCH,TRUE
3-10-2014_PS,p > .9,4.58724072024408e-05,p,NA,EYEBALL_ERROR,FALSE
3-10-2014_PS,p > .9,0.194419221428833,p,NA,EYEBALL_ERROR,FALSE
3-4-2015_PS,figure,1.06541666666667,mean,NA,MATCH,TRUE
3-4-2015_PS,figure,1.02186668383353,ci,NA,MATCH,TRUE
3-4-2015_PS,figure,1.1089666494998,ci,NA,MATCH,TRUE
3-4-2015_PS,figure,1,mean,NA,MATCH,TRUE
3-4-2015_PS,figure,0.93125,mean,NA,MATCH,TRUE
3-4-2015_PS,figure,0.890375231232659,ci,NA,MATCH,TRUE
3-4-2015_PS,figure,0.972124768767341,ci,NA,MATCH,TRUE
3-4-2015_PS,18.9,18.9,F,0,MATCH,NA
3-4-2015_PS,2,2,df,0,MATCH,NA
3-4-2015_PS,94,94,df,0,MATCH,NA
3-4-2015_PS,<.001,1.25672053286064e-07,p,NA,MATCH,TRUE
3-4-2015_PS,0.29,0.29,pes,0,MATCH,NA
3-4-2015_PS,<.01,0.00592128593513711,p,NA,MATCH,TRUE
3-4-2015_PS,<.01,8.25882502642286e-06,p,NA,MATCH,TRUE
3-4-2015_PS,<.01,0.00014348093510367,p,NA,MATCH,TRUE
3-4-2015_PS,0.67,0.42,d,37.3134328358209,MAJOR_ERROR,NA
3-4-2015_PS,0.006,0.006,p,0,MATCH,NA
3-4-2015_PS,0.8,0.6,d,25,MAJOR_ERROR,NA
3-4-2015_PS,0.001,0,p,100,MAJOR_ERROR,NA
3-4-2015_PS,6,6,mean,0,MATCH,NA
3-4-2015_PS,2,2,ci,0,MATCH,NA
3-4-2015_PS,11,10,ci,9.09090909090909,MINOR_ERROR,NA
3-4-2015_PS,7,8,mean,14.2857142857143,MAJOR_ERROR,NA
3-4-2015_PS,3,4,ci,33.3333333333333,MAJOR_ERROR,NA
3-4-2015_PS,11,11,ci,0,MATCH,NA
3-4-2015_PS,13,13,mean,0,MATCH,NA
3-9-2014_PS,figure,2.675,mean,NA,MATCH,TRUE
3-9-2014_PS,figure,2.675,se,NA,MATCH,TRUE
3-9-2014_PS,figure,3.4925,mean,NA,MATCH,TRUE
3-9-2014_PS,figure,3.4925,se,NA,MATCH,TRUE
3-9-2014_PS,figure,3.29318181818182,mean,NA,MATCH,TRUE
3-9-2014_PS,figure,3.29318181818182,se,NA,MATCH,TRUE
3-9-2014_PS,figure,3.12,mean,NA,MATCH,TRUE
3-9-2014_PS,figure,3.12,se,NA,MATCH,TRUE
3-9-2014_PS,78,78,df,0,MATCH,NA
3-9-2014_PS,19.12,19.14,F,0.104602510460249,MINOR_ERROR,NA
3-9-2014_PS,0.001,0,p,100,MAJOR_ERROR,NA
3-9-2014_PS,0.2,0.2,pes,0,MATCH,NA
3-9-2014_PS,78,78,df,0,MATCH,NA
3-9-2014_PS,4.04,4,t,0.990099009900991,MINOR_ERROR,NA
3-9-2014_PS,0.001,0,p,100,MAJOR_ERROR,NA
3-9-2014_PS,78,78,df,0,MATCH,NA
3-9-2014_PS,-3.32,-3.36,t,1.20481927710843,MINOR_ERROR,NA
3-9-2014_PS,0.001,0.001,p,0,MATCH,NA
4-1-2015_PS,4.05,4.06,F,0.246913580246908,MINOR_ERROR,NA
4-1-2015_PS,10,10,df,0,MATCH,NA
4-1-2015_PS,37,37,df,0,MATCH,NA
4-1-2015_PS,<.001,<.001,p,NA,MATCH,TRUE
4-1-2015_PS,0.52,0.52,pes,0,MATCH,NA
4-1-2015_PS,5.95,5.95,F,0,MATCH,NA
4-1-2015_PS,10,10,df,0,MATCH,NA
4-1-2015_PS,37,37,df,0,MATCH,NA
4-1-2015_PS,<.001,<.001,p,NA,MATCH,TRUE
4-1-2015_PS,0.62,0.62,pes,0,MATCH,NA
4-11-2014_PS,53.3,53.4,mean,0.187617260787995,MINOR_ERROR,NA
4-11-2014_PS,50.2,49.9,ci,0.597609561752997,MINOR_ERROR,NA
4-11-2014_PS,56.4,56.9,ci,0.886524822695036,MINOR_ERROR,NA
4-11-2014_PS,16,16,df,0,MATCH,NA
4-11-2014_PS,2.06,2.03,t,1.45631067961166,MINOR_ERROR,NA
4-11-2014_PS,0.06,0.06,p,0,MATCH,NA
4-11-2014_PS,92.3,92.5,mean,0.21668472372698,MINOR_ERROR,NA
4-11-2014_PS,89.8,90,ci,0.222717149220493,MINOR_ERROR,NA
4-11-2014_PS,94.8,95.1,ci,0.316455696202529,MINOR_ERROR,NA
5-4-2015_PS,8.31,8.31,mean,0,MATCH,NA
5-4-2015_PS,7.78,7.87,ci,1.15681233933162,MINOR_ERROR,NA
5-4-2015_PS,8.84,8.88,ci,0.452488687782816,MINOR_ERROR,NA
5-4-2015_PS,6.5,6.5,mean,0,MATCH,NA
5-4-2015_PS,5.42,5.5,ci,1.4760147601476,MINOR_ERROR,NA
5-4-2015_PS,7.58,7.56,ci,0.263852242744069,MINOR_ERROR,NA
5-4-2015_PS,8.33,8.33,mean,0,MATCH,NA
5-4-2015_PS,7.14,7.14,ci,0,MATCH,NA
5-4-2015_PS,9.52,9.52,ci,0,MATCH,NA
5-4-2015_PS,8.83,8.83,mean,0,MATCH,NA
5-4-2015_PS,7.97,8,ci,0.376411543287331,MINOR_ERROR,NA
5-4-2015_PS,9.69,9.67,ci,0.206398348813205,MINOR_ERROR,NA
5-4-2015_PS,69,69,df,0,MATCH,NA
5-4-2015_PS,5.16,5.16,F,0,MATCH,NA
5-4-2015_PS,0.07,0.07,pes,0,MATCH,NA
5-4-2015_PS,<.05,0.01902,p,NA,MATCH,TRUE
6-1-2015_PS,1,1,df,0,MATCH,NA
6-1-2015_PS,9,9,df,0,MATCH,NA
6-1-2015_PS,6.818,6.818,F,0,MATCH,NA
6-1-2015_PS,0.028,0.028,p,0,MATCH,NA
6-1-2015_PS,9,9,df,0,MATCH,NA
6-1-2015_PS,7.23,7.23,t,0,MATCH,NA
6-1-2015_PS,9,9,df,0,MATCH,NA
6-1-2015_PS,9.19,9.2,t,0.108813928182805,MINOR_ERROR,NA
6-1-2015_PS,9,9,df,0,MATCH,NA
6-1-2015_PS,4.29,4.3,t,0.233100233100228,MINOR_ERROR,NA
6-1-2015_PS,0.002,0.002,p,0,MATCH,NA
6-1-2015_PS,9,9,df,0,MATCH,NA
6-1-2015_PS,4.79,4.8,t,0.208768267223378,MINOR_ERROR,NA
6-1-2015_PS,0.001,0.001,p,0,MATCH,NA
6-1-2015_PS,9,9,df,0,MATCH,NA
6-1-2015_PS,1.02,1.02,t,0,MATCH,NA
6-1-2015_PS,0.334,0.334,p,0,MATCH,NA
6-1-2015_PS,9,9,df,0,MATCH,NA
6-1-2015_PS,1.78,1.78,t,0,MATCH,NA
6-1-2015_PS,0.108,0.108,p,0,MATCH,NA
6-1-2015_PS,9,9,df,0,MATCH,NA
6-1-2015_PS,4.21,4.22,t,0.237529691211396,MINOR_ERROR,NA
6-1-2015_PS,0.002,0.002,p,0,MATCH,NA
6-1-2015_PS,9,9,df,0,MATCH,NA
6-1-2015_PS,3.392,3.392,t,0,MATCH,NA
6-1-2015_PS,0.008,0.008,p,0,MATCH,NA
6-7-2014_PS,figure,2.6,mean,NA,MATCH,TRUE
6-7-2014_PS,figure,3.5,mean,NA,MATCH,TRUE
6-7-2014_PS,figure,1.8,mean,NA,MATCH,TRUE
6-7-2014_PS,figure,2.9,mean,NA,MATCH,TRUE
6-7-2014_PS,figure,2,mean,NA,MATCH,TRUE
6-7-2014_PS,figure,1.7,mean,NA,MATCH,TRUE
6-7-2014_PS,figure,4,mean,NA,MATCH,TRUE
6-7-2014_PS,figure,2.5,mean,NA,MATCH,TRUE
6-7-2014_PS,<1,0.664403698240795,F,NA,MATCH,TRUE
6-7-2014_PS,24.1,23.35,F,3.11203319502075,MINOR_ERROR,NA
6-7-2014_PS,16.28,16.28,F,0,MATCH,NA
6-7-2014_PS,0.27,0.27,other,0,MATCH,NA
6-7-2014_PS,0.2,0.2,other,0,MATCH,NA
6-7-2014_PS,<0.001,7.22864951634855e-05,p,NA,MATCH,TRUE
6-7-2014_PS,0.28,0.28,other,0,MATCH,NA
6-7-2014_PS,0.001,0.001,p,0,MATCH,NA
6-7-2014_PS,0.2,0.2,other,0,MATCH,NA
6-7-2014_PS,0.053,0.053,p,0,MATCH,NA
6-7-2014_PS,0.08,0.08,other,0,MATCH,NA
6-7-2014_PS,<0.001,0.000305211602881963,p,NA,MATCH,TRUE
6-7-2014_PS,0.24,0.24,other,0,MATCH,NA
7-3-2015_PS,836,813,median,2.7511961722488,MINOR_ERROR,NA
7-3-2015_PS,689,665,median,3.4833091436865,MINOR_ERROR,NA
7-3-2015_PS,0.79,0.79,mean,0,MATCH,NA
7-3-2015_PS,0.92,0.91,mean,1.08695652173913,MINOR_ERROR,NA
7-3-2015_PS,871,908,mean,4.24799081515499,MINOR_ERROR,NA
7-3-2015_PS,819,883,mean,7.81440781440781,MINOR_ERROR,NA
7-3-2015_PS,0.789,0.799,mean,1.26742712294043,MINOR_ERROR,NA
7-3-2015_PS,0.788,0.78,mean,1.01522842639594,MINOR_ERROR,NA
7-3-2015_PS,<.01,0.384679080802361,p,NA,EYEBALL_ERROR,FALSE
7-3-2015_PS,19.5,-32.8,ci,268.205128205128,MAJOR_ERROR,NA
7-3-2015_PS,84.4,81.5,ci,3.43601895734598,MINOR_ERROR,NA
7-3-2015_PS,20,20,df,0,MATCH,NA
7-3-2015_PS,3.34,0.89,t,73.3532934131736,MAJOR_ERROR,NA
7-3-2015_PS,0.8,0.3,p,62.5,MAJOR_ERROR,NA
8-12-2014_PS,4.65,4.64,t,0.215053763440875,MINOR_ERROR,NA
8-12-2014_PS,0.001,6.94936024910145e-06,p,NA,MATCH,TRUE
8-12-2014_PS,164,164,df,0,MATCH,NA
8-12-2014_PS,0.36,0.36,d,0,MATCH,NA
8-12-2014_PS,2.3,2.3,t,0,MATCH,NA
8-12-2014_PS,0.028,0.028,p,0,MATCH,NA
8-12-2014_PS,32,32,df,0,MATCH,NA
8-12-2014_PS,0.4,0.4,d,0,MATCH,NA
8-12-2014_PS,0.17,0.12,t,29.4117647058824,MAJOR_ERROR,NA
8-12-2014_PS,0.868,0.908,p,4.60829493087558,MINOR_ERROR,NA
8-12-2014_PS,196,196,df,0,MATCH,NA
8-12-2014_PS,0.03,0.02,d,33.3333333333333,MAJOR_ERROR,NA
8-5-2015_PS,13,13,n,0,MATCH,NA
8-5-2015_PS,5,5,n,0,MATCH,NA
8-5-2015_PS,11,11,n,0,MATCH,NA
8-5-2015_PS,11,11,n,0,MATCH,NA
8-5-2015_PS,5,5,n,0,MATCH,NA
8-5-2015_PS,68.75,62.5,ci,9.09090909090909,MINOR_ERROR,NA
8-5-2015_PS,100,100,ci,0,MATCH,NA
8-5-2015_PS,6.25,6.25,ci,0,MATCH,NA
8-5-2015_PS,50,50,ci,0,MATCH,NA
8-5-2015_PS,21.05,21.43,ci,1.80522565320665,MINOR_ERROR,NA
8-5-2015_PS,81.67,81.25,ci,0.514264723888823,MINOR_ERROR,NA
8-5-2015_PS,p < .05,0.0113422066555856,p,NA,MATCH,TRUE
8-5-2015_PS,6.17,6.17,ci,0,MATCH,NA
8-5-2015_PS,71,71,ci,0,MATCH,NA
8-5-2015_PS,0.075,0.076,p,1.33333333333333,MINOR_ERROR,NA
8-7-2014_PS,0.22,0.23,mean,4.54545454545455,MINOR_ERROR,NA
8-7-2014_PS,0.55,0.55,mean,0,MATCH,NA
8-7-2014_PS,0.23,0.23,mean,0,MATCH,NA
8-7-2014_PS,0.42,0.42,mean,0,MATCH,NA
8-7-2014_PS,0.33,0.33,mean,0,MATCH,NA
8-7-2014_PS,0.22,0.22,sd,0,MATCH,NA
8-7-2014_PS,0.18,0.19,mean,5.55555555555556,MINOR_ERROR,NA
8-7-2014_PS,0.19,0.19,sd,0,MATCH,NA
8-7-2014_PS,<1,0.102782521143131,t,NA,MATCH,TRUE
8-7-2014_PS,22,22,df,0,MATCH,NA
8-7-2014_PS,22,22,df,0,MATCH,NA
8-7-2014_PS,<1.3,-1.25985422098825,t,NA,MATCH,TRUE
8-7-2014_PS,> .21,0.220923313363988,p,NA,MATCH,TRUE
8-7-2014_PS,22,22,df,0,MATCH,NA
8-7-2014_PS,<1.3,-0.731035536390394,t,NA,MATCH,TRUE
8-7-2014_PS,> .21,0.472472266285318,p,NA,MATCH,TRUE
8-7-2014_PS,22,22,df,0,MATCH,NA
8-7-2014_PS,> 4.72,7.41613732858138,t,NA,MATCH,TRUE
8-7-2014_PS,≤ .0001,2.02855191330476e-07,p,NA,MATCH,TRUE
8-7-2014_PS,22,22,df,0,MATCH,NA
8-7-2014_PS,> 4.72,4.69565746106166,t,NA,MATCH,TRUE
8-7-2014_PS,≤ .0001,0.000110358830577956,p,NA,MATCH,TRUE
8-7-2014_PS,22,22,df,0,MATCH,NA
8-7-2014_PS,2.95,2.95,t,0,MATCH,NA
8-7-2014_PS,0.007,0.007,p,0,MATCH,NA
8-7-2014_PS,0.65,0.63,d,3.07692307692308,MINOR_ERROR,NA
8-7-2014_PS,22,22,df,0,MATCH,NA
8-7-2014_PS,3.49,3.49,t,0,MATCH,NA
8-7-2014_PS,0.002,0.002,p,0,MATCH,NA
8-7-2014_PS,0.73,0.73,d,0,MATCH,NA
8-8-2014_PS,120,120,n,0,MATCH,NA
8-8-2014_PS,80,80,n,0,MATCH,NA
8-8-2014_PS,0.35,0.35,mean,NA,MATCH,TRUE
8-8-2014_PS,0.15,0.15,mean,NA,MATCH,TRUE
8-8-2014_PS,0.2,0.2,mean,NA,MATCH,TRUE
8-8-2014_PS,-0.58,-0.58,mean,NA,MATCH,TRUE
8-8-2014_PS,113,113,df,0,MATCH,NA
8-8-2014_PS,< .001,0.000146545978126701,p,NA,MATCH,TRUE
8-8-2014_PS,3.93,3.93,t,0,MATCH,NA
8-8-2014_PS,0.12,0.12,pes,0,MATCH,NA
8-8-2014_PS,113,113,df,0,MATCH,NA
8-8-2014_PS,.007,0.00545110488920191,p,NA,MATCH,TRUE
8-8-2014_PS,2.73,2.83370363496852,t,NA,MATCH,TRUE
8-8-2014_PS,.06,0.0663462323264554,pes,NA,MATCH,TRUE
8-8-2014_PS,113,113,df,0,MATCH,NA
8-8-2014_PS,ns,0.793814917097696,p,NA,MATCH,TRUE
8-8-2014_PS,.56,0.261978578128001,t,NA,MATCH,TRUE
8-8-2014_PS,.003,0.000607001019763834,pes,NA,MATCH,TRUE
9-2-2015_PS,0.7,0.7,mean,0,MATCH,NA
9-2-2015_PS,0.75,0.75,mean,0,MATCH,NA
9-2-2015_PS,0.8,0.8,mean,0,MATCH,NA
9-2-2015_PS,0.8,0.8,mean,0,MATCH,NA
9-2-2015_PS,0.75,0.75,mean,0,MATCH,NA
9-2-2015_PS,0.7,0.7,mean,0,MATCH,NA
9-2-2015_PS,0.89,0.89,mean,0,MATCH,NA
9-2-2015_PS,0.75,0.75,mean,0,MATCH,NA
9-2-2015_PS,0.75,0.75,mean,0,MATCH,NA
9-2-2015_PS,0.85,0.85,mean,0,MATCH,NA
9-2-2015_PS,0.3,0.3,mean,0,MATCH,NA
9-2-2015_PS,0.25,0.25,mean,0,MATCH,NA
9-2-2015_PS,0.8,0.8,mean,0,MATCH,NA
9-2-2015_PS,0.7,0.7,mean,0,MATCH,NA
9-2-2015_PS,0.8,0.8,mean,0,MATCH,NA
9-2-2015_PS,0.8,0.8,mean,0,MATCH,NA
9-2-2015_PS,1,1,df,0,MATCH,NA
9-2-2015_PS,40,40,n,0,MATCH,NA
9-2-2015_PS,6.4,6.4,x2,0,MATCH,NA
9-2-2015_PS,0.011,0.011,p,0,MATCH,NA
9-2-2015_PS,0.4,0.4,phi,0,MATCH,NA
9-2-2015_PS,1,1,df,0,MATCH,NA
9-2-2015_PS,40,40,n,0,MATCH,NA
9-2-2015_PS,10,10,x2,0,MATCH,NA
9-2-2015_PS,<.005,0.00156540225800255,p,NA,MATCH,TRUE
9-2-2015_PS,0.5,0.5,phi,0,MATCH,NA
9-5-2014_PS,fig,0.82207206006006,mean,NA,MATCH,TRUE
9-5-2014_PS,fig,0.0379250964278977,se,NA,MATCH,TRUE
9-5-2014_PS,fig,0.928888888888889,mean,NA,MATCH,TRUE
9-5-2014_PS,fig,0.0176068884112534,se,NA,MATCH,TRUE
9-5-2014_PS,fig,0.965020576131687,mean,NA,MATCH,TRUE
9-5-2014_PS,fig,0.0157694067839939,se,NA,MATCH,TRUE
9-5-2014_PS,fig,0.94959595959596,mean,NA,MATCH,TRUE
9-5-2014_PS,fig,0.0136056901709625,se,NA,MATCH,TRUE
9-5-2014_PS,0.93,0.93,mean,0,MATCH,NA
9-5-2014_PS,fig,0.648646855855856,mean,NA,MATCH,TRUE
9-5-2014_PS,fig,0.0458716098607711,se,NA,MATCH,TRUE
9-5-2014_PS,fig,0.848888913333333,mean,NA,MATCH,TRUE
9-5-2014_PS,fig,0.0270791983396212,se,NA,MATCH,TRUE
9-5-2014_PS,fig,0.843621318930041,mean,NA,MATCH,TRUE
9-5-2014_PS,fig,0.0298845692243265,se,NA,MATCH,TRUE
9-5-2014_PS,fig,0.92010101010101,mean,NA,MATCH,TRUE
9-5-2014_PS,fig,0.0157735305534393,se,NA,MATCH,TRUE
9-5-2014_PS,0.85,0.85,mean,0,MATCH,NA
9-5-2014_PS,fig,0.675675651651652,mean,NA,MATCH,TRUE
9-5-2014_PS,fig,0.0456417052524593,se,NA,MATCH,TRUE
9-5-2014_PS,fig,0.664444355555556,mean,NA,MATCH,TRUE
9-5-2014_PS,fig,0.0435846632342672,se,NA,MATCH,TRUE
9-5-2014_PS,fig,0.837962962962963,mean,NA,MATCH,TRUE
9-5-2014_PS,fig,0.0301490940477773,se,NA,MATCH,TRUE
9-5-2014_PS,fig,0.796767676767677,mean,NA,MATCH,TRUE
9-5-2014_PS,fig,0.0226809716414362,se,NA,MATCH,TRUE
9-5-2014_PS,0.76,0.76,mean,0,MATCH,NA
9-5-2014_PS,0.72,0.72,mean,0,MATCH,NA
9-5-2014_PS,0.81,0.81,mean,0,MATCH,NA
9-5-2014_PS,0.88,0.88,mean,0,MATCH,NA
9-5-2014_PS,0.89,0.89,mean,0,MATCH,NA
9-5-2014_PS,significant,8.38124957044301e-67,p,NA,MATCH,TRUE
9-5-2014_PS,significant,7.8352909104267e-38,p,NA,MATCH,TRUE
9-5-2014_PS,significant,1.99521264724246e-114,p,NA,MATCH,TRUE
9-5-2014_PS,ps < .001,4.90059318631304e-29,p,NA,MATCH,TRUE
9-5-2014_PS,ps < .001,1.48157077145563e-34,p,NA,MATCH,TRUE
9-5-2014_PS,ps < .001,4.03955049220524e-10,p,NA,MATCH,TRUE
9-5-2014_PS,ps < .001,6.20331429746897e-55,p,NA,MATCH,TRUE
9-5-2014_PS,ps < .001,2.36306342486767e-17,p,NA,MATCH,TRUE
9-5-2014_PS,ps < .001,5.10515342680644e-16,p,NA,MATCH,TRUE
9-5-2014_PS,ps < .001,0.00257025937525092,p,NA,MATCH,TRUE
9-5-2014_PS,ps < .001,1.14088192385249e-46,p,NA,MATCH,TRUE
9-5-2014_PS,ps < .001,0.000435582608473251,p,NA,MATCH,TRUE
9-5-2014_PS,ps < .001,1.33543341300211e-15,p,NA,MATCH,TRUE
9-5-2014_PS,ps < .001,0.000467262339154026,p,NA,MATCH,TRUE
9-5-2014_PS,ps < .001,3.14239464209952e-23,p,NA,MATCH,TRUE
9-5-2014_PS,ds > 1.08,6.95975800365507,d,NA,MATCH,TRUE
9-5-2014_PS,ds > 1.08,8.10119105431753,d,NA,MATCH,TRUE
9-5-2014_PS,ds > 1.08,2.83077337871662,d,NA,MATCH,TRUE
9-5-2014_PS,ds > 1.08,6.67603770039582,d,NA,MATCH,TRUE
9-5-2014_PS,ds > 1.08,3.6811483640125,d,NA,MATCH,TRUE
9-5-2014_PS,ds > 1.08,3.15882205286072,d,NA,MATCH,TRUE
9-5-2014_PS,ds > 1.08,1.08016596980883,d,NA,MATCH,TRUE
9-5-2014_PS,ds > 1.08,5.38073708843781,d,NA,MATCH,TRUE
9-5-2014_PS,ds > 1.08,1.07799620556347,d,NA,MATCH,TRUE
9-5-2014_PS,ds > 1.08,3.07954747249097,d,NA,MATCH,TRUE
9-5-2014_PS,ds > 1.08,1.28300531776023,d,NA,MATCH,TRUE
9-5-2014_PS,ds > 1.08,2.64345486222506,d,NA,MATCH,TRUE
9-5-2014_PS,3,4,df,33.3333333333333,MAJOR_ERROR,NA
9-5-2014_PS,236,236,df,0,MATCH,NA
9-5-2014_PS,17.91,17.95,F,0.223338916806249,MINOR_ERROR,NA
9-5-2014_PS,p < .001,1.59084366411545e-10,p,NA,MATCH,TRUE
9-5-2014_PS,ps < .01,0.00675935268682054,p,NA,MATCH,TRUE
9-5-2014_PS,ds > 0.59,0.602087668583352,d,NA,MATCH,TRUE
9-5-2014_PS,ps < .01,0.000187447311452258,p,NA,MATCH,TRUE
9-5-2014_PS,ds > 0.59,0.83195554662045,d,NA,MATCH,TRUE
9-5-2014_PS,ps < .01,0.000113856413543671,p,NA,MATCH,TRUE
9-5-2014_PS,ds > 0.59,0.766215131856882,d,NA,MATCH,TRUE
9-5-2014_PS,ps > .23,0.128394530635615,p,NA,EYEBALL_ERROR,FALSE
9-5-2014_PS,ds < 0.40,0.300850503292402,d,NA,MATCH,TRUE
9-5-2014_PS,ps > .23,0.366834973860286,p,NA,MATCH,TRUE
9-5-2014_PS,ds < 0.40,0.157050831450288,d,NA,MATCH,TRUE
9-5-2014_PS,ps > .23,0.480337964873483,p,NA,MATCH,TRUE
9-5-2014_PS,ds < 0.40,0.119692235967782,d,NA,MATCH,TRUE
9-5-2014_PS,ps < .01,0.0001500209400607,p,NA,MATCH,TRUE
9-5-2014_PS,ds > 0.59,0.860828869887238,d,NA,MATCH,TRUE
9-5-2014_PS,ps < .01,0.00034444883161272,p,NA,MATCH,TRUE
9-5-2014_PS,ds > 0.59,0.794581186872345,d,NA,MATCH,TRUE
9-5-2014_PS,ps < .01,5.34651807663521e-11,p,NA,MATCH,TRUE
9-5-2014_PS,ds > 0.59,1.37578630176642,d,NA,MATCH,TRUE
9-5-2014_PS,ps > .23,0.896878682961843,p,NA,MATCH,TRUE
9-5-2014_PS,ds < 0.40,0.0254999921463925,d,NA,MATCH,TRUE
9-5-2014_PS,ps > .23,0.0165099514048271,p,NA,EYEBALL_ERROR,FALSE
9-5-2014_PS,ds < 0.40,0.420773694041657,d,NA,MATCH,TRUE
9-5-2014_PS,ps > .23,0.0137872155261506,p,NA,EYEBALL_ERROR,FALSE
9-5-2014_PS,ds < 0.40,0.421560686738656,d,NA,MATCH,TRUE
